video_id,title,publishedAt,channelId,channelTitle,categoryId,trending_date,tags,view_count,likes,dislikes,comment_count,thumbnail_link,comments_disabled,ratings_disabled,description
"YzQsDq93Jps","O Embaixador no Agroneg√≥cio - Gusttavo Lima","2020-10-18T01:30:55Z","UCXooz9whNJZBRTHi9AqdjPw","Gusttavo Lima Oficial","10","20.18.10","Slap M√∫sica|Arrocha|M√∫sica Sertaneja (Musical Genre)|Pop|Gustavo Lima|Gusttavo Lima|Gatinha Assanhada|Tcherer√™ Tche Tche|Sony|Sony Music|Buteco|Buteco do Gusttavo Lima|Buteco do Gusttavo Lima 2|O Embaixador|Homem de Fam√≠lia|Abre o Port√£o Que Eu Cheguei|Que Pena Que Acabou|Apelido Carinhoso|Na Hora de Amar|Mil Vezes Cantarei|Cem Mil|Eu N√£o Iria|Sujeito|Carrinho na Areia|Milu","10228660","404713","9897","11076","https://i.ytimg.com/vi/YzQsDq93Jps/default.jpg","False","False","Com uma superprodu√ß√£o, a Live O Embaixador no Agroneg√≥cio acontecer√° numa lavoura e tamb√©m traz como atra√ß√µes confirmadas os artistas Jonas Esticado e Bruno & Denner. A transmiss√£o ser√° a partir das 17h/hor√°rio local e 18h/hor√°rio de Bras√≠lia.üîî Se inscreva no meu canal no YouTube: https://bit.ly/YTGusttavoLima üîî Se inscreva no canal Filtr: http://bit.ly/FiltrnoYT O show continua na playlist Melhores Sertanejos! Vem curtir uma moda boa com o Filtr  https://FiltrBR.lnk.to/MelhoresSertan...Ou√ßa os sucessos do Embaixador na sua plataforma preferida!Spotify: https://SMB.lnk.to/GLNoSpotify Deezer: https://SMB.lnk.to/GLNaDeezerFiltr: https://FiltrBR.lnk.to/MelhoresSertan... Apple Music: https://SMB.lnk.to/GLNaAppleMusic YouTube Music: https://bit.ly/GLNoYTMusic YouTube: https://SMB.lnk.to/GLNoYouTube Siga Gusttavo Lima nas redes sociais:https://facebook.com/gusttavolimaoficialhttps://instagram.com/gusttavolimahttps://twitter.com/gusttavo_limaTAGS#GusttavoLima #OEmbaixador #OEmbaixadorNoAgroneg√≥cio #BrunoEDenner #JonasEsticadoSiga Gusttavo Lima nas redes sociais!Facebook: https://www.facebook.com/gusttavolimaoficial/Youtube: https://www.youtube.com/gusttavolimaoficialInstagram: https://www.instagram.com/gusttavolima/Twitter: https://twitter.com/gusttavo_limaSite: http://gusttavolima.com.br/"
"l1T-ubVmjVk","LBFF - Rodada 17 - Grupos C e A | Free Fire","2020-10-17T19:58:05Z","UCr4ARxgElIO21GWfIraZezg","Free Fire - Brasil","20","20.18.10","free fire|free fire ao vivo|ao vivo|lbff ao vivo|lbff|free fire brasil|liga brasileira de free fire","1981712","169580","1719","861","https://i.ytimg.com/vi/l1T-ubVmjVk/default.jpg","False","False","Grupo ABlack DragonsGod EsportsLos GrandesFURIASantosSS EsportsGrupo BpaiN GamingFlamengoLOUDKabumTeam LiquidFEARGrupo CRed CanidsINTZVivo KeydCorinthiansNewxGamingCruzeiroSiga as redes sociais de Garena Free Fire e fique por dentro de tudo!Twitter - https://twitter.com/esportsfreefireInstagram - https://www.instagram.com/esportsfreefireFacebook - https://www.facebook.com/FreeFireEsportsBRDiscord - http://discord.gg/freefire#LBFF #FreeFire"
"NBcf5Co44FQ","N√≥s terminamos","2020-10-17T22:05:29Z","UCWfFJSooNntGwBnyhzGeDwA","Gabi Magsan","22","20.18.10","[none]","193880","34138","1760","233","https://i.ytimg.com/vi/NBcf5Co44FQ/default.jpg","False","False",""
"oPyeCWrtOWQ","Boteco Prime - Lucas Guimar√£es Convida","2020-10-17T06:15:00Z","UCPdHWqkyXG7JBcsOv0sT6Bg","Tierry Oficial","10","20.18.10","[none]","2830702","139196","1921","1212","https://i.ytimg.com/vi/oPyeCWrtOWQ/default.jpg","False","False",""
"VDBc1etieAA","Brawl Stars: Brawl Talk! LEGENDARY Brawler, Brawl-o-ween, and MORE!","2020-10-17T08:00:13Z","UCooVYzDxdwTtGYAkcPmOgOw","Brawl Stars","20","20.18.10","brawl stars|mobile game|mobile strategy game|mobile rpg|mobile battle royale|battle royale|supercell game|legendary|brawl talk|brawloween|haloween|brawler","10513849","668520","7881","59843","https://i.ytimg.com/vi/VDBc1etieAA/default.jpg","False","False","Download NOW!! ‚ñ∫‚ñ∫ https://supr.cl/playbrawlBe a BRAWLER! Subscribe! ‚ñ∫‚ñ∫ https://supr.cl/subscribeFast-paced 3v3 multiplayer and battle royale made for mobile! Play with friends or solo across a variety of game modes in under three minutes.Unlock and upgrade dozens of Brawlers with powerful Super abilities, Star Powers and Gadgets! Collect unique skins to stand out and show off. Battle in a variety of mysterious locations within the Brawliverse!BATTLE IN MULTIPLE GAME MODES- Gem Grab (3v3): Team up and out-strategize the opposing team. Collect and hold 10 gems to win, but get fragged and lose your gems.- Showdown (Solo/Duo): A battle royale style fight for survival. Collect power ups for your Brawler. Grab a friend or play solo - be the last Brawler standing in the rowdiest battle royale yet. Winner take all!- Brawl Ball (3v3): It's a whole new Brawl game! Show off your soccer/football skills and score two goals before the other team. There are no red cards here.- Bounty (3v3): Take out opponents to earn stars, but don‚Äôt let them pick you off. The squad with the most stars wins the match!- Heist (3v3): Protect your team‚Äôs safe and try to crack open your opponents‚Äô. Navigate the map to sneak, blast and blow your way clear to the enemies treasure.- Special Events: Limited time special PvE and PvP game modes.- Championship Challenge: Join Brawl Stars' esports scene with in-game qualifiers!UNLOCK AND UPGRADE BRAWLERSCollect and upgrade a variety of Brawlers with powerful Super abilities, Star Powers and Gadgets! Level them up and collect unique skins.BRAWL PASSComplete quests, open Brawl Boxes, earn Gems, pins and an exclusive Brawl Pass skin! Fresh content every season.BECOME THE STAR PLAYERClimb the local and regional leaderboards to prove you‚Äôre the greatest Brawler of them all!CONSTANTLY EVOLVINGLook out for new Brawlers, skins, maps, special events and games modes in the future.PLEASE NOTE! Brawl Stars is free to download and play, however, some game items can also be purchased for real money. If you don't want to use this feature, please disable in-app purchases in your device's settings. Also, under our Terms of Service and Privacy Policy, you must be at least 9 years of age to play or download Brawl Stars.Features:- Team up for real-time 3v3 battles against players from across the world- A fast-paced multiplayer battle royale mode made for mobile- Unlock and collect new, powerful Brawlers - each with a signature attack and Super ability- New events and game modes daily- Battle solo or with friends- Climb to the top of the leaderboards in global and local rankings - Join or start your own Club with fellow players to share tips and battle together- Customize Brawlers with unlockable skins- Player-designed maps offer challenging new terrain to masterFrom the makers of Clash of Clans, Clash Royale and Boom Beach!Support:Contact us in-game via Settings, Help and Support ‚Äî or visit http://supercell.helpshift.com/a/brawl-stars/Privacy Policy:http://supercell.com/en/privacy-policy/Terms of Service:http://supercell.com/en/terms-of-service/Parent's Guide:http://supercell.com/en/parents/???:https://www.youtube.com/wkbrl"
"oHr3Q_GyDnM","CONTROLE TUDO COM SEU CELULAR! - NFC","2020-10-17T22:00:09Z","UCuxfOdbKQy0tgGXcm9sjHiw","Coisa de Nerd","28","20.18.10","leon|coisadenerd|coisa de nerd|portugu√™s|brasil|pt-br|br|NFC|near-field communication|tag de nfc|cart√£o|cart√£o de visita|smartphone|celular|smart|senha do wi-fi|smarthome|universal remote|controle remoto|controle remoto universal|tecnologia","309065","57809","360","1279","https://i.ytimg.com/vi/oHr3Q_GyDnM/default.jpg","False","False","Deixe um joinha!Este √© um v√≠deo sobre Tags de NFC (Near-Field Communication). √â uma tecnologia que permite que voc√™ execute fun√ß√µes no seu smartphone aproximando um objeto dele (seja um adesivo, um chaveiro ou um cart√£o de visita). √â algo muito √∫til para transferir informa√ß√£o e fazer a automa√ß√£o de dispositivos smart.Al√©m disso, n√≥s falamos tamb√©m do Broadlink Universal Remote, um dispositivo de infravermelho (IR) e ondas de r√°dio (RF) que permite que voc√™ controle v√°rios dispositivos (como TV) com o celular."
"hLVpK3sYXNA","O S√ìSIA DO RENATO CHEGOU PARA CONHECER OS HUNTERS *ficaram em choque *","2020-10-17T11:44:47Z","UCfzgzFA3WhrkowZEWjQpWkA","IRENE N√ìBREGA","24","20.18.10","renato garcia|renan fiorini|thiago reis|gui nobre|boquinha|hunters squad|ca√ßadores de lendas|londrina|sosia|amigos|familia|familia garcia|comedia|entretenimento|risos|miguel lopes","447658","48329","741","2176","https://i.ytimg.com/vi/hLVpK3sYXNA/default.jpg","False","False","Deixe seu like, compartilha, comente e se inscreva no canalLink do MEU INSTAGRAM: https://www.instagram.com/irenenobregaMeu email comercial: irenenobregacomercial@gmail.com"
"Gwtt6yklGac","Set DJ GM 4.0 - MC'S Lipi, Paulin da Capital,Lele JP, Nathan ZK,Ryan SP, Nego do Borel, Piedro,Theus","2020-10-16T21:00:12Z","UC9OMsuaqvGdF0MtK3gYYNkA","Love Funk","10","20.18.10","funk|mc|sp love funk|love filmes|kondzilla|kond|zilla|2020|LOVE FUNK|LOVE FUNK TV|toguro","1338360","133477","1400","3787","https://i.ytimg.com/vi/Gwtt6yklGac/default.jpg","False","False","Inscrevam-se no NOVO CANAL da LOVE FUNK:https://bit.ly/CanalRevelacaonaFavelaArtista:  MC'S Lipi, Paulin da Capital, Lele JP,  Nathan ZK, Ryan SP, Nego do Borel, Theus Costa, Piedro e Neguinho do ITR Musica: SET DJ GM 4.0Produ√ß√£o: DJ GMStudios Love FunkAdquira J√° os Produtos LOVE FUNKhttps://lovefunkstore.com.br/Atendimento no Whatsapp (11) 94843-9258Redes Sociais dos Artistas Instagram: @DJGMOficial Instagram: @MCPaulindaCapital Instagram: @MCLipiOficialInstagram: @MCNathanZK_Instagram: @LeleJPInstagram: @TheusCostaOficialInstagram: @MCPiedroOficialInstagram: @MCNeguinhodoITR_Instagram: @NegodoborelInstagram: @MCRyanSPüé§ Contato Shows: (11) 98336-9988 LOVE FUNK ü•á (falar com Morais) @moraislovefunkoficialFicha T√©cnicaDire√ß√£o: Tony SenaEdi√ß√£o:  Tony SenaProduzido por Love FilmesFa√ßa seu v√≠deo Clipe com a Love Filmes (11) 94904-4907 Gabriel @MadrugaLovefunk(11) 97793-4674 Barone @BaroneLoveFunk(14) 98805-4216 Pedro @tonellilovefunkEste videofonograma √© um produto original e pr√≥prio da Gravadora e Editora. A c√≥pia dele ou o reenvio do mesmo resultar√° em grandes implica√ß√µes ao seu canal do youtube ou at√© a exclus√£o do mesmo.LOVE FUNK FILMES ¬ÆSiga no instagram@Lovefunkoficial@LovefunkProdutora@LoveFunkTV@Mansaolovefunk#LoveFunk #SetDJGM4.0 #FunkAno 2020üíó Likecoin ‚Äì Coins for Likes: https://likecoin.pro/@henriquerato/pdz3/fvl9"
"LLXPr_Jcwkg","Ordem Paranormal RPG: DESCONJURA√á√ÉO - Teaser","2020-10-17T22:15:48Z","UC2Dkdvw6-ladrHmWZNx2gRA","Lives do Cellbit","24","20.18.10","Cellbit|ordem|paranormal|RPG|desconjura√ß√£o|o segredo na floresta|teaser|anuncio","109143","36373","80","3137","https://i.ytimg.com/vi/LLXPr_Jcwkg/default.jpg","False","False","üîó REDES DO CELLBIT üîó‚Ä¢ Ao vivo: http://twitch.tv/cellbit‚Ä¢ Twitter: http://twitter.com/cellbit‚Ä¢ Facebook: https://www.facebook.com/Cellbit‚Ä¢ Instagram: http://instagram.com/cellbitosüìº GALERINHA QUE EDITA üìº@CreyativeMediahttps://twitter.com/CreyativeMedia"
"2Dv1Cwi8B7A","VAMOS NOS MUDAR!!! PORQUE ?! #NOVAETAPA","2020-10-17T18:51:08Z","UC2T7RmT4ivpYEzvlrYSBIvw","Casinha da Sabrina","22","20.18.10","2#33&CASA3*003SAH","138343","33507","217","3487","https://i.ytimg.com/vi/2Dv1Cwi8B7A/default.jpg","False","False","TOUR NA CASA https://www.youtube.com/watch?v=1xbkEsDwvd4‚ö†Ô∏èRECADO IMPORTANTEüíïPara que o YouTube entenda que voc√™ quer receber os meus v√≠deos ‚úîDeixe seu like ‚úîComente ‚úî CompartilheBalacobaco Aromas‚¨áÔ∏è https://www.balacobacoaromas.com.br/?parceiro=3159Cupom SABRINAhttps://instagram.com/balacobacoaromas?igshid=1r2pmgtdly03iüì´QUER ME ENVIAR ALGO???CAIXA POSTAL 80CEP 11310-971 S√ÉO VICENTE-SP‚ô• A bonita que ainda n√£o √© inscrita j√° clica ai no bot√£o inscrever-se pois √© muito bom ter voc√™ pertinho de mim. E quem j√° √© inscrita Deus aben√ßoe por todo o carinho e por fazer parte dessa fam√≠lia de bonitas que cada dia cresce mais e mais. O carinho de voc√™s me encanta se expressando atrav√©s de coment√°rios, mensagens e e-mail. Obrigada pela aten√ß√£o, amor e trocas de experi√™ncias!Pois eu amo aprender com voc√™s tbm!!!Saber que tenho a companhia e participa√ß√£o de voc√™s, faz tudo valer a pena e ter sentido! Deus aben√ßoe a cada uma que me assiste, torce e ora por mim.Como eu sempre falo √© muito bom ter voc√™s pertinho de mim.#rumoa1MILH√ÉO ‚ù§Ô∏èMINHAS REDES SOCIAISBlog: http://casinhadasabrina.blogspot.com.br/Facebook: https://www.facebook.com/casinhadasab...Instagram: https://www.instagram.com/casinhadasa...Pinterest: Casinha da Sabrina üíªCONTATO PESSOAL \ PROFISSIONALsilva.sabrina2012@bol.com.br üé¨üé• EQUIPAMENTOS DO CANALEDITOR DE V√çDEO Wondershare filmoraüíª Baixe o Filmora no site oficial : üëáhttps://filmora.wondershare.com/pt-br/editor-de-video/?utm_source=filmora_br_influencer&utm_medium=youtube_referral&utm_campaign=CasinhadaSabrina201902SOFTBOX | Soufoto TRIP√â | Slik F630 ElginCAMERA VLOG | G7x MARK IICAMERA | Canon T5i Lente 18 135mmM√öSICA | Epidemic Sound www.epidemicsound.com‚ÄúPorque aos seus anjos dar√° ordem a teu respeito, para te guardarem em todos os teus caminhos.‚Äù"
"hAWym7xiw0k","Tierry - RITA - DVD Acertou Na Mosca","2020-10-16T15:00:44Z","UCPdHWqkyXG7JBcsOv0sT6Bg","Tierry Oficial","10","20.18.10","rita|rita volta desgramada|tierry|volta rita|o rita","2392646","95551","1783","3683","https://i.ytimg.com/vi/hAWym7xiw0k/default.jpg","False","False","OU√áA TAMB√âM üëáSPOTIFY üëâ https://open.spotify.com/track/1nDCZBI8MaHXI2f36dnQyGDEEZER üëâ https://www.deezer.com/br/artist/3126151SHOWS: Toninho: +55 62 9944-3121Siga Tierry nas redes sociais!Instagram: https://www.instagram.com/tierry/Twitter: https://twitter.com/TIERRYOFICIALYouTube: https://www.youtube.com/tierryoficial RITA - LETRASua aus√™ncia t√° fazendo mais estragoQue a sua trai√ß√£oL√™ l√™ l√™Minha cama dobrou de tamanhoSem voc√™ no meu colch√£oSeu perfume t√° impregnadoNesse quarto escuroQue saudade desse cheiro de cigarroE desse √°lcool puroRita eu desculpo tudoOoh Rita, volta desgramadaVolta Rita que eu perd√¥o a facadaOoh Rita, n√£o me deixaVolta Rita que eu retiro a queixa#tierry #DVDAcertouNaMosca #Rita"
"IOJuQ0FzzPw","FINALMENTE! TOUR PELA MINHA CASA","2020-10-17T22:30:10Z","UCltmTYqOHriItyMXg8f0anQ","BlackoutZ","20","20.18.10","dicas fortnite|como jogar fortnite|como construir rapido fortnite|como vencer fortnite|highlights fortnite|melhores jogadores br fortnite|como ganhar fortnite|fortnite|fortnite battle royale|blackoutz fortnite|tfue brasileiro|blackoutz|hack|recorde","162445","45861","210","1897","https://i.ytimg.com/vi/IOJuQ0FzzPw/default.jpg","False","False","üö® Me apoie na loja do Fortnite usando o code: BLACKOUTZ ‚ùóüëâüèª Teste ExtiLag por 03 dias gr√°tis acessando o link: http://exitl.ag/blxckoutzüëäüèª Assine ExitLag e tenha 20% de desconto na primeira compra usando o cupom: BLACKOUTZüîî Inscreva-se no canal e ative o sininho para n√£o perder os v√≠deos! üîîhttps://youtube.com/Ondercoreüü£ Me assista em live: https://www.twitch.tv/blxckoutzüìå Me siga nas redes sociais:Twitter: https://twitter.com/blxckoutzInstagram: https://www.instagram.com/patrickblackoutz/Tiktok: https://www.tiktok.com/@patrickblackoutzDiscord: https://discord.gg/Hn6rcKqüé• Editor - @ghostuep - @ghostjusiel‚úâÔ∏è Contato: blackoutz@cloud9.gg"
"FpQZSBIv_bA","LIVE GRATID√ÉO - MAUR√çCIO MANIERI #LiveMauricioManieri","2020-10-18T01:21:03Z","UC5NG4JwB3Gv8AtNOKKP2ajA","Mauricio Manieri","10","20.18.10","Mauricio Manieri|Live|LiveMauricioManieri","131850","7931","80","200","https://i.ytimg.com/vi/FpQZSBIv_bA/default.jpg","False","False","Meus amores, que felicidade!!!Neste SAÃÅBADO, aÃÄs 19hs vou realizar uma LIVE (de coracÃßaÃÉo renovado kkkk) para agradecer a todos vcs que oraram; torceram, enviaram mensagens positivas e que foram fundamentais na minha recuperacÃßaÃÉo! Vai ser emocionante estar novamente com vcs ...Obrigado Deus por me dar essa oportunidade!!!"
"jY0slbSXlfU","Inter 1-2 Milan | Zlatan Double Seals Derby! | Serie A TIM","2020-10-17T19:00:10Z","UCBJeMCIeLQos7wacox4hmLQ","Serie A","17","20.18.10","Ronaldo|Serie A|Dybala|highlights|Juventus|AC Milan|Inter Milan|Napoli|Roma|CR7|Cristiano Ronaldo|goals|full highlights|watch|stream|partita|migliori gol|migliori in campo|migliori al mondo|gol del mese|federcalcio|calcio|Italia|lukaku|Lazio|zlatan|ibrahimovic|Ribery|zlatan ibrahimovic|zlatan ibrahimovic best goals|ibra goal vs inter|ibra goal|ibra goal milan|inter 1-2 milan|milan 2-1|milan 2-1 inter|lukaku inter milan|ti:home=INT|ti:away=MIL","3159626","61069","1200","3425","https://i.ytimg.com/vi/jY0slbSXlfU/default.jpg","False","False","Zlatan Ibrahimoviƒá scored twice early to secure a derby day win for Milan, despite Romelu Lukaku‚Äôs 29th minute goal for Inter | Serie A TIMThis is the official channel for the Serie A, providing all the latest highlights, interviews, news and features to keep you up to date with all things Italian football.Subscribe to the channel here! https://bit.ly/2OM2Eax Find out more about the Serie A at: http://www.legaseriea.it/en/ Questo √® il canale ufficiale della Serie A, dove potrai avere accesso ai momenti salienti, alle interviste, alle notizie e alle funzionalit√† del momento per rimanere aggiornato sulle ultime novit√† del campionato.Iscriviti qui al canale! https://bit.ly/2OM2EaxPer maggiori informazioni sulla Serie A: http://www.legaseriea.it/it"
"fwle75DCvUc","LIVE DE 40 MILH√ïES! VEM ASSISTIR AGORA!","2020-10-18T01:35:43Z","UCV306eHqgo0LvBf3Mh36AHg","Felipe Neto","24","20.18.10","felipe neto|40 milh√µes|live|ao vivo|among us","2252343","326455","2377","8803","https://i.ytimg.com/vi/fwle75DCvUc/default.jpg","False","False","SEJA MEMBRO! - https://www.youtube.com/felipeneto/joinLOJA DO CANAL - https://www.lolja.com.br/felipe-neto"
"GoeSjZr_C60","Qual √© a Sensa√ß√£o de Estar Dentro de Uma Onda Enorme?","2020-10-18T08:26:52Z","UCARzURqbSWzC380oFqWqAdg","Conhe√ßa Arnold","1","20.18.10","E se|o que acontecer√°|fatos interessantes|Cognitivos|anima√ß√£o 2D|sem p√°ra-quedas|Top 10|experimentos mentais|salto|salto de p√°ra-quedas|o que|se|acontecer√°|acontecimentos loucos|surfando uma onda enorme|onda gigante|onda|interessante|desenho animado interessante|desenho animado|desenho engra√ßado|engra√ßado|ideias engra√ßadas|Ideias|como|legal|ideias legais|Conhe√ßa Arnold","50727","9054","61","459","https://i.ytimg.com/vi/GoeSjZr_C60/default.jpg","False","False","Subscreve aqui: https://www.youtube.com/channel/UCARzURqbSWzC380oFqWqAdg?sub_confirmation=1E Se Voc√™ Pegar Todas As Doen√ßas No Mundo?: https://youtu.be/gSYxm51NHCA?list=PL702f_HObFKqGQD7mKswgVYwnnMhZA3BsQual √© a sensa√ß√£o de estar dentro de uma onda enorme?Follow Meet Arnold:Subscribe: https://www.youtube.com/channel/UCY3TJECrA90t9YTrxhdjcVw?sub_confirmation=1 Instagram: https://www.instagram.com/meet_arnold  Facebook: https://www.facebook.com/meetarnoldseries TikTok: https://vm.tiktok.com/ZSHxJqJE/ Conoce a Arnold: https://www.youtube.com/channel/UC07DLXbOs9JK3aUZhNYtE9g?sub_confirmation=1 Conhe√ßa Arnold: https://www.youtube.com/channel/UCARzURqbSWzC380oFqWqAdg?sub_confirmation=1 Rencontrez Arnold:https://www.youtube.com/channel/UCy0t9ueAXnViMUK0dqMOvVQ?sub_confirmation=1Hier ist Arnold:https://www.youtube.com/channel/UCiu6G5VsBRY-xHnKktFdHbw?sub_confirmation=1–ê—Ä–Ω–æ–ª—å–¥: https://www.youtube.com/channel/UCuSbkqzIAvWcYrYr2XQDw0w?sub_confirmation=1 Questo √® Arnold: https://www.youtube.com/channel/UC0kKP2cv6Z64k6wD2pXcrfg?sub_confirmation=1 Poznaj Arnolda:https://www.youtube.com/channel/UCarS8GXiNxjcEkm8qR8lncQ?sub_confirmation=1ŸÇÿßÿ®ŸÑ ÿ£ÿ±ŸÜŸàŸÑÿØ:https://www.youtube.com/channel/UC8bXIaTn7-Ao2qtzLs7yyFw?sub_confirmation=1Arnold ile tanƒ±≈üƒ±n:https://www.youtube.com/channel/UCAeO-EP_Qfr8bk5491tlI0g?sub_confirmation=1„Ç¢„Éº„Éé„É´„Éâ„Å´„Åä‰ªª„Åõ: https://www.youtube.com/channel/UCsW4ggaU0z4TrucDzwquZ0g?sub_confirmation=1 ÏïÑÎÜÄÎìúÎ•º ÎßåÎÇòÎ≥¥ÏÑ∏Ïöî: https://www.youtube.com/channel/UC9f4DHAem0BWen_YBpyiO9Q?sub_confirmation=1ÂèàËßÅÈòøËØ∫Âæ∑:https://www.youtube.com/channel/UC80bmx7iOzFS5uLPHa36-cA?sub_confirmation=1‡§Ö‡§∞‡•ç‡§®‡§æ‡§≤‡•ç‡§° ‡§∏‡•á ‡§Æ‡§ø‡§≤‡•á‡§Ç:https://www.youtube.com/channel/UCKGxGtxfTtC_Okgv8eYXTOg?sub_confirmation=1‡∏û‡∏ö‡∏Å‡∏±‡∏ö‡∏≠‡∏≤‡∏£‡πå‡πÇ‡∏ô‡∏•‡∏î‡πå:https://www.youtube.com/channel/UC5IkJAMkHz9ubFN_QBczRiQ?sub_confirmation=1G·∫∑p Arnold:https://www.youtube.com/channel/UChQ_FmFV9YzcqS-1SNHLCyg?sub_confirmation=1Inilah Arnold:https://www.youtube.com/channel/UCODpRRKUI8-Dl5Mh37YjCdg?sub_confirmation=1N√£o te esque√ßas de ligar as notifica√ß√µes, gostar & subscrever!"
"ViHMXvaklTA","Jonas Esticado feat. Gusttavo Lima - Ele N√£o Tem (V√≠deo Oficial)","2020-10-16T13:59:29Z","UC1XJOqlpIPQ1cUPZf54yXyg","Jonas Esticado","10","20.18.10","[none]","1502662","73618","2013","3369","https://i.ytimg.com/vi/ViHMXvaklTA/default.jpg","False","False","Clipe oficial da m√∫sica Ele N√£o Tem com Gusttavo Lima.Ou√ßa nas plataformas de m√∫sica clicando aqui: https://SomLivre.lnk.to/Ele_Nao_TemProdu√ß√£o Musical: Luka BassDire√ß√£o de Video: Anselmo TrancosoMarketing: F√°brica de HitsLETRA:Jhonny Carvalho | Johnata Ramon | Rafael Leal | Tiago AzevedoEle j√° viu esse roxinho no seu pesco√ßoE toda noite voc√™ some feito SolEle j√° viu que voc√™ faz amor sem gostoQue outro peixe t√° mordendo seu anzolEle fecha os olhos por que te amaAt√© que gosta dele mas voc√™ n√£o amaE o que t√° faltando laTem de sobra em minha camaEle n√£o tem o meu beijo, o meu cheiro, o meu corpoMeu amor safado suado e gostoso n√£o temEle n√£o temEle n√£o tem o meu beijo, o meu cheiro, o meu corpoMeu amor safado suado e gostoso n√£o temEle n√£o temPor isso toda noite voc√™ vemSiga Jonas Esticado nas redes sociais!Facebook: https://www.facebook.com/JonasEsticadoYoutube: https://www.youtube.com/jonasesticadobrInstagram: http://www.instagram.com/jonasesticadoTwitter: https://twitter.com/JonasEsticado Site oficial: http://www.jonasesticado.com.br"
"srx0dgnHO6M","VOU DESISTIR DO MEU CANAL (?)","2020-10-17T21:05:24Z","UCnfUCP_4nSws4KUI4Nkdaig","Maria Venture","23","20.18.10","[none]","60653","18609","200","1341","https://i.ytimg.com/vi/srx0dgnHO6M/default.jpg","False","False","e a√≠ galera, tudo beleza?depois de 80 anos, voltei.Minhas redes sociais:Instagram: @mariaventureSnapchat: maria_ventureTwitter: @maria_ventureFacebook: https://www.facebook.com/mariaventure..."
"LeRw27_LqcM","Adeus velho amigo, o dia da minha MUDAN√áA","2020-10-17T19:59:48Z","UCrKXYE-Y4saxVFPI7Fuuzyw","Davy Jones","24","20.18.10","v√≠deo com Davy Jones|Davy Jones|Dava Jonas|vlog|memes|meme|zueira|v√≠deo zueira|v√≠deo comentado|vlog de Davy Jones|canal novo|mudan√ßa|casa nova|minha casa","151025","42580","161","1309","https://i.ytimg.com/vi/LeRw27_LqcM/default.jpg","False","False","INSTAGRAM - https://www.instagram.com/odavyjones/CANAL DE LIVES -  https://www.twitch.tv/davyjonesPODCAST - http://2dpodcast.gameplayrj.com.br/TORNAR-SE UM APOIADOR - https://www.facebook.com/becomesupporter/GameplayRJCRIEI UM CANAL NOVO - https://www.youtube.com/watch?v=nL5C7hBN5BMMEU SITE - http://gameplayrj.com.br/Twitter - https://twitter.com/DavyJonesRJCAMISAS DO CANAL - https://www.lolja.com.br/gameplay-rj_qO28545953XtOcxSMCaixa Postal - 14606 Cep: 03632-970S√£o Paulo - SP"
"XiopkFjbX4k","Live  Arreio de Ouro Oficial - Parque Milanny","2020-10-18T06:11:26Z","UCNB73EFeo1WFcWLquUCDJEA","Arreio de Ouro Oficial","10","20.18.10","arreio de ouro|arreio de ouro 2014|arreio de ouro canta vaquejada|arreio de ouro vaquejada|arreio de ouro toadas|arreio de ouro dvd|vaquejada|vaquejada profissional|vaquejada de serrinha 2013|vaquejada musica|vaquejada de serrinha 2014|vaquejada mirim|vaquejada ivandro cunha lima 2014|vaquejada de serrinha|vaquejada profissional 2014|vaquejada de surubim|forro|forro dance|forro universitario|forro 2014","59197","2192","19","17","https://i.ytimg.com/vi/XiopkFjbX4k/default.jpg","False","False","Contato para shows: (81) 9.9161-1444 / 3221-5782acompanhe Buscap√© Arreio de Ouro nas redes sociais[] instagram.com/arreiodeourooficial[] instagram.com/buscapecantor[] facebook.com/arreiodeouroebuscapeInscreva-se em nosso Canal!www.youtube.com/arreiodeourooficial"
"lEtWBmV4vPI","[COLETIVA] P√≥s-Jogo - S√£o Paulo 0x0 Gr√™mio (Campeonato Brasileiro 2020) l Gr√™mioTV","2020-10-18T03:05:27Z","UCHKbUAiKHsWCCZrkDY_PZ8Q","Gr√™mio FBPA","17","20.18.10","gremiotv|gremio tv|pr√©-jogo|gr√™mio|gr√™mio tv|gr√™miotv|gremio|futebol|esporte|brasileir√£o|libertadores|copa|fifa|santos tv|conex√£o tricolor|gremista|grenal|gol|gols|time de futebol|time|renato ga√∫cho|ducker|avalanche tricolor|torcida geral|live|soccer|campe√£o|campe√£o do mundo|arena do gr√™mio|ol√≠mpico|est√°dio ol√≠mpico|ol√≠mpico monumental|bandeira|torcedor gremista|torcida fan√°tica|canal oficial|canal|oficial|channel|sport","63867","4200","84","138","https://i.ytimg.com/vi/lEtWBmV4vPI/default.jpg","False","False","Acompanhe ao vivo a coletiva do t√©cnico Renato Portaluppi, ap√≥s a partida contra o S√£o Paulo no Morumbi!‚Üí Inscreva-se no canal e fa√ßa parte da torcida mais fan√°tica do Brasil tamb√©m aqui no YouTube!:: SITE http://gremio.net:: FACEBOOK https://facebook.com/gremio:: TWITTER @gremio e @gremiotv:: INSTAGRAM https://instagram.com/gremio*** Esta √© a Gr√™mioTV, o canal oficial do Gr√™mio FBPA no YouTube. Acompanhe v√≠deos exclusivos e transmiss√µes ao vivo durante a semana. *** PRODU√á√ÉO E REALIZA√á√ÉO: Comunica√ß√£o Gr√™mio FBPA"
"MYHxHOl7Iqk","DECORA√á√ÉO DA CASA NOVA: MOSTREI TUDO! - PARTE 1","2020-10-16T23:00:05Z","UCPa8vElq5yFo3wV6BY6HqoQ","Simone Mendes","22","20.18.10","[none]","938762","91349","769","2155","https://i.ytimg.com/vi/MYHxHOl7Iqk/default.jpg","False","False","Miglos e miglas, bem-vindos √† minha casinha nova. Voc√™s j√° deram uma espiadinha na live, mas hoje eu mostro todo o andar de baixo pra voc√™s. Tem papel de parede que eu n√£o sei falar o nome, tem sof√° que faz a alegria da gr√°vida, tem at√© um lavabo de fazer inveja nas visitas (e nas m√£es que est√£o assistindo o v√≠deo)! Bora entrar? Aceita um caf√©zinho?"
"UFQp1ZR0GdY","Luiza tenta fazer as pazes com Jojo, mas peoas discutem | A Fazenda 12","2020-10-17T17:22:36Z","UCw4YGFtvDgOL09KrFpqj6kg","A Fazenda","24","20.18.10","acelere|aclr|a fazenda|fazenda talks|marcos mion|rodrigo carelli|multiplataforma|reality show|record tv|pe√µes|ro√ßa|prova do fazendeiro|poder da chama|prova de fogo|Biel|Carol Narizinho|Cartolouco|Fernandinho Beatbox|Jakeyne Oliveira|Jojo Todynho|JP Gad√™lha|Juliano Ceglia|Lidi Lisboa|Lipe Ribeiro|Lucas|Maciel|Luiza Ambiel|Mariano|Mateus Carrieri|MC Mirella|Raissa Barbosa|Rodrigo Moraes|St√©fani Bays|Tays Reis|Vict√≥ria Villarim","1464589","74470","1331","18687","https://i.ytimg.com/vi/UFQp1ZR0GdY/default.jpg","False","False","Ap√≥s conversar com Juliano, Luiza decidiu acertar as contas com Jojo. Mas a cantora n√£o quis papo e a conversa acabou virando discuss√£o.Assine o PlayPlus e tenha acesso √† transmiss√£o 24 horas de A Fazenda 12.Inscreva-se no canal A Fazenda: http://r7.com/8IZb Site oficial: https://afazenda.r7.com/a-fazenda-12Assista √†s √≠ntegras no PlayPlus: https://www.playplus.comTikTok: https://vm.tiktok.com/ZS5cTvgC/Facebook: https://www.facebook.com/AFazendaRecordInstagram: https://www.instagram.com/afazendarecordTwitter: https://twitter.com/afazendarecord#AFazenda12 #MarcosMion #FogoNoFeno"
"FOr98imPRXw","NEGOCIO FECHADO!!! PALMEIRAS CONTRATA ZAGUEIRO! | NOVIDADES SOBRE √ÅNGEL RAMIREZ! | GUERRA VOLTOU E+","2020-10-17T19:03:31Z","UC5OCzkrKCFsn4KvhVh6n-SA","Papagaio News","24","20.18.10","Palmeiras|Not√≠cias do Palmeiras|Porco NEWS|Palmeiras NEWS|Not√≠cias do Verd√£o|Verd√£o|Palmeiras 2019|Palmeiras Libertadores|Palmeiras Copa do Brasil|Palmeiras Campeonato Brasileiro|PalmeirasPorcoNews|ULTIMAS NOTICIAS DO PALMEIRAS|ANGEL RAMIREZ|CARLOS EDUARDO PALMEIRAS","73946","7999","205","554","https://i.ytimg.com/vi/FOr98imPRXw/default.jpg","False","False","As melhores not√≠cias sobre o Palmeiras, √© aqui no canal Papagaio News!Seja Membro do Papagaio e ganhe Benef√≠cios:https://bit.ly/SEJAMEMBRO-PAPAGAGIONEWSNo v√≠deo de hoje falaremos sobre Angel Ramirez. Contrata√ß√£o para o Palmeiras. Guerra voltou a treinar com o elenco e muito mais...Redes Sociais:‚úî Instagram: Papagaio News‚úî Facebook: Papagaio News‚úî Twitter: Papagaio News‚û§ Email:contato.papagaionews@gmail.com#Palmeiras #PapagaioNEWS #Not√≠ciasDoPalmeiras"
"OUYwH87Y4FQ","Foo Fighters - Live from Troubadour (#SOSFEST)","2020-10-18T03:18:42Z","UCi2KNss4Yx73NG0JARSFe0A","Foo Fighters","10","20.18.10","[none]","160634","12614","66","378","https://i.ytimg.com/vi/OUYwH87Y4FQ/default.jpg","False","False","Foo Fighters performs an exclusive live set for Save Our Stages Fest from Troubadour in Los Angeles, CA. Find more #SOSFest streams at https://yt.be/music/sosfest. Save Our Stages Fest is a three-day virtual benefit festival with artists and organizations rallying to the aid of independent music venues at risk of closing their doors permanently. Featuring original performances and commentary from diverse talent across genres and shot live at iconic indie stages, #SOSFest aims to preserve our nation‚Äôs independent live music venues. The festival is raising funds for NIVA‚Äôs Emergency Relief Fund, where any member organization can apply for support - please consider helping by clicking the blue Donate button.  About NIVA: Formed at the onset of the COVID-19 shutdown, National Independent Venue Association (NIVA), now represents more than 2,800 members in all 50 states and Washington, D.C. These independent venues and promoters were the first to close and will be the last to fully reopen. NIVA's mission is to preserve and nurture the ecosystem of independent live venues, promoters and festivals throughout the United States. To learn more about NIVA‚Äôs quest to gain federal funding for independent venues, visit https://www.nivassoc.org/take-action.  To learn more about the NIVA Emergency Relief Fund, visit https://www.nivassoc.org/erf."
"MHTtsAhF3Po","FOTOS TUMBLR COM MINHA NAMORADA E A MAYA!!!","2020-10-17T22:00:07Z","UCULs0V-_lx12CrPrIdtda2A","Maya e Jo√£o Rezende","22","20.18.10","joao|joao rezende|joao e maya|maya e joao|maya e joao rezende|irmao rezende|joao rezende e maya|maya|joana|canal do joao|FOTOS TUMBLR COM A MAYA|FOTOS TUMBLR|fotos tumblr com namorao|fotos tumblr com pet","111422","40444","125","909","https://i.ytimg.com/vi/MHTtsAhF3Po/default.jpg","False","False",""
"WVUubs42EWs","Mundial 2020:  Fase Eliminat√≥ria - Md5 | Quarta de Final 3","2020-10-17T15:54:22Z","UC48rkTlXjRd6pnqqBkdV0Mw","LoL eSports BR","20","20.18.10","Mundial 2020|Riot Games|LoLEsports|LoL|League of Legends|Transmiss√£o Mundial 2020|Mundial 2020 ao vivo|Ao Vivo|assistir Mundial 2020|Mundial 2020 portugu√™s|Worlds 2020|Worlds|ITZ|INTZ","401153","14834","259","110","https://i.ytimg.com/vi/WVUubs42EWs/default.jpg","False","False","Mundial 2020: Acontece de 25 de Setembro a 31 de Outubro com transmiss√µes AO VIVO no YouTube de LoL Esports BR √†s 07h (Hor√°rio de Bras√≠lia).Curtiu? Inscreva-se no canal de LoL Esports Brasil: https://bit.ly/2CjNFQeAcompanhe a cobertura completa do Mundial 2020 em: https://watch.lolesports.comConfira nossa agenda: https://bit.ly/3hDrmaZFase Eliminat√≥ria - Md5 | Quarta de Final 3  Jogo 1 - 07h: Top Esports (TES) x (FNC) Fnatic"
"kUSSvL1vcL0","Ninja - O Guerreiro Imortal - Filme Completo Dublado - Filme de A√ß√£o | NetMovies","2020-10-16T22:00:08Z","UCK5RRQ3TdwAbbCWrtnXsN3Q","NetMovies","24","20.18.10","filme completo|filme dublado completo|filme dublado|filmes online|filmes gr√°tis|filme completo dublado|filme completo dublado em portugu√™s|filme dublado em portugu√™s|filmes online gr√°tis|filmes online dublado|filmes online hd|filmes gr√°tis completo dublado|Filmes completos dublados|Filmes completos|Netmovies|Net Movies|filme de a√ß√£o|filmes de a√ß√£o|a√ß√£o","652462","10066","769","281","https://i.ytimg.com/vi/kUSSvL1vcL0/default.jpg","False","False","Inscreva-se no canal: https://www.youtube.com/netmovies?sub_confirmation=1‚ñ∂Ô∏è  Voc√™ tamb√©m pode gostar desses filmes: https://www.youtube.com/watch?v=-ovLuuBiwY8&list=PLhQTgJ8wVv-m3FzblvATLVAbSHMI5CMIONome do Filme: Ninja - O Guerreiro ImortalG√™nero: A√ß√£o, DramaT√≠tulo Original: Ninja - Immovable HeartSinopse: Reeve √© membro de um grupo de elite que todos pensavam que n√£o existia mais. Ele foi capturado, espancado e torturado brutalmente, pelo pr√≥prio governo para quem um dia j√° trabalhou. Com a ajuda de seu antigo mentor John Carpenter, Reeve ter√° que se livrar dos dem√¥nios de seu passado, para que possa entender a ess√™ncia do Ninjutsu e, assim, poder se lembrar de como foi capturado e como poder√° se vingar antes que seus captores descubram por que ele realmente retornou.Estrelando: Blaze Broadway | Cassandra Gava | Danny Glover | Jacob Fyfe | John Balazs | Rob Baard | Roger Neave | Vivian LanghamDire√ß√£o: John Balazs | Rob BaardEstamos tamb√©m no Facebook e Instagram!Facebook: https://www.facebook.com/netmoviesInstagram: https://www.instagram.com/netmoviesEm 2020 a Netmovies traz para voc√™ √≥timos filmes online gr√°tis. Os maiores sucessos dos √∫ltimos anos e tamb√©m lan√ßamentos 2020. S√£o os melhores filmes dublados completos nos mais diversos g√™neros, filmes de a√ß√£o, filmes de aventura, filmes de drama, filmes de romance, filmes de suspense, filmes de terror e zumbi, filmes de luta, filmes de desenhos animados, filmes de com√©dia engra√ßado e com√©dia rom√¢ntica, filmes gospel, filmes evang√©licos, filmes de fam√≠lia, hist√≥rias de filmes baseadas em fatos reais, assim voc√™ pode assistir seus filmes dublados completos online em HD quando e onde desejar!#filme #Netmovies #filmecompleto"
"5xXJsrjrR7U","Puni√ß√£o! Pe√µes ficar√£o sem caf√© at√© a pr√≥xima reposi√ß√£o | A Fazenda 12","2020-10-17T20:48:21Z","UCw4YGFtvDgOL09KrFpqj6kg","A Fazenda","24","20.18.10","acelere|aclr|a fazenda|fazenda talks|marcos mion|rodrigo carelli|multiplataforma|reality show|record tv|pe√µes|ro√ßa|prova do fazendeiro|poder da chama|prova de fogo|Biel|Carol Narizinho|Cartolouco|Fernandinho Beatbox|Jakeyne Oliveira|Jojo Todynho|JP Gad√™lha|Juliano Ceglia|Lidi Lisboa|Lipe Ribeiro|Lucas|Maciel|Luiza Ambiel|Mariano|Mateus Carrieri|MC Mirella|Raissa Barbosa|Rodrigo Moraes|St√©fani Bays|Tays Reis|Vict√≥ria Villarim","560476","18047","205","1345","https://i.ytimg.com/vi/5xXJsrjrR7U/default.jpg","False","False","O descumprimento de regras resultou em mais uma puni√ß√£o na tarde deste s√°bado (17). O Fazendeiro Mariano leu o motivo: √â proibido levar ou ingerir qualquer tipo de alimento e bebida, em toda a √°rea dos animais. Logo, o grupo suspeitou de Luiza, √∫nica peoa que estava do lado de fora.  Assine o PlayPlus e tenha acesso √† transmiss√£o 24 horas de A Fazenda 12.Inscreva-se no canal A Fazenda: http://r7.com/8IZb Site oficial: https://afazenda.r7.com/a-fazenda-12Assista √†s √≠ntegras no PlayPlus: https://www.playplus.comTikTok: https://vm.tiktok.com/ZS5cTvgC/Facebook: https://www.facebook.com/AFazendaRecordInstagram: https://www.instagram.com/afazendarecordTwitter: https://twitter.com/afazendarecord#AFazenda12 #MarcosMion #FogoNoFeno"
"W_2wJxLt-fQ","O QUE OS MORADORES DA LOUD ACHARAM DO MEU NOVO CABELO?","2020-10-16T23:30:03Z","UC81CElb6SqJcOMaCAC-fwbQ","LOUD Thaiga","24","20.18.10","loud|loud thaiga|thaiga","818716","194183","1998","3852","https://i.ytimg.com/vi/W_2wJxLt-fQ/default.jpg","False","False","* Inscreva-se: http://bit.ly/CanalThaig√£o* Siga no Twitter: @loud_thaiga* Siga no Instagram Thaiga: @loud_thaigaOl√° ol√° pessoal! Muito bem vindos ao meu canal, eu sou a LOUD Thaiga, nova moradora da casa. Vou trazer pra voc√™s muitos v√≠deos engra√ßados, vlogs, pegadinhas, entretenimento e gameplay tamb√©m! Ent√£o j√° vai se inscrevendo no canal para n√£o perder nada! #vlog #entretenimento#loudhttps://bit.ly/LOUDlzinnhttps://bit.ly/LOUDjordanhttps://bit.ly/LOUDcoringahttps://bit.ly/LOUDnodahttps://bit.ly/LOUDbakhttps://bit.ly/LOUDlasershttps://bit.ly/GsLOUDhttps://bit.ly/LOUDwillhttps://bit.ly/LOUDleleohttps://bit.ly/LOUDshariinhttps://bit.ly/LOUDthurzinhttps://bit.ly/LOUDvinixzhttps://bit.ly/LOUDmiihttps://bit.ly/LOUDbabihttps://bit.ly/LOUDbradoockhttps://bit.ly/LOUDvoltanhttp://bit.ly/LOUDbraboxhttp://bit.ly/LOUDkroonoshttps://bit.ly/mobLOUD"
"NUQG51zFwWY","O MELHOR AMONG US DA LOUD COM FANTASIAS!!","2020-10-17T22:02:00Z","UC7iwNp4GUynlGXvK-6KD0Rw","LOUD","20","20.18.10","free fire|mobile|playhard|crusher|loud|among us|among us da vida real|among us da loud|among us loud|coringa|babi|bradock|gs|voltan","680321","163701","1111","4196","https://i.ytimg.com/vi/NUQG51zFwWY/default.jpg","False","False","Jogue conosco: https://www.discord.gg/loud‚óè Fa√ßa barulho conosco:Instagram: https://www.instagram.com/loudgg/Twitter: https://twitter.com/loudggFacebook:  https://www.facebook.com/loud--------------------------------------------------------------------------Contato comercial: agencia@loud.gg"
"lBb-VEVRHgc","FLUMINENSE 2 X 2 CEAR√Å | MELHORES MOMENTOS | 17¬™ RODADA BRASILEIR√ÉO 2020 | ge.globo","2020-10-18T00:11:51Z","UCgCKagVhzGnZcuP9bSMgMCg","ge","17","20.18.10","esporte|esportes|ge|ge.globo|globo esporte|globo|globoesporte.com|sportv|futebol|Fluminense|Nense|Flu|Fluz√£o|Tricolor|Tricolor carioca|futebol fluminense|Cear√°|Ceara Sporting Club|Voz√£o|Cear√° SC|Cear√° futebol clube|Alvi-negro|Campeonato Brasileiro|Brasileir√£o|Brasileir√£o 2020|Brasileirao|nacional|Melhores momentos|MM|gol|√© gol|futebol nacional|lances|times de futebol|gols|empate|dig√£o|falha dig√£o|golaco vina|gola√ßo vina","324572","11310","228","960","https://i.ytimg.com/vi/lBb-VEVRHgc/default.jpg","False","False","Com gol nos acr√©scimos, Fluminense busca empate com o Cear√° no Maracan√£. Time tricolor desperdi√ßa oportunidade de entrar no G-4 do Brasileir√£o. Luiz Henrique e Danilo Barcelos marcam para os mandantes e Hudson (contra) e Vina balan√ßam a rede para o Voz√£o.‚úÖ INSCREVA-SE NO CANAL GE:  https://cutt.ly/xfHlwBküëç Curtiu o v√≠deo? Deixe seu like e d√™ seu pitaco sobre a partida üòé‚öΩ üåü Playlists pra voc√™ maratonar üåü ‚ñ∫ Melhores Momentos do Brasileir√£o:  https://cutt.ly/NfHk9TS‚ñ∫ Melhores Copa do Brasil: https://cutt.ly/LfHk3Di‚ñ∫ Gols S√©rie B: https://cutt.ly/LfHk84c‚ñ∫ Bola Quadrada:  https://cutt.ly/IfHk7ra ‚ñ∫ BMFC: https://cutt.ly/gfHk5bH‚ñ∫Humor no GE: https://cutt.ly/HfHk6SY‚úÖ Inscreva-se, tamb√©m, no canal do CARTOLA FC e fique por dentro das melhores dicas do maior fantasy game do Brasil - https://cutt.ly/ffV1Xri______________________________________  No canal ge voc√™ encontra os melhores conte√∫dos do FUTEBOL BRASILEIRO!Tem gols e melhores momentos narrados, games e muita resenha. E n√£o √© s√≥ isso üòÆüòÆ Em breve, mais novidades para voc√™s  üòéü§ô"
"0K77PlGZoGQ","#172-Como quebrar tijolo ao meio","2020-10-17T17:38:59Z","UCWuihCjrujsgRZ4ohWidZWw","Irm√£os a obra Araraquara","26","20.18.10","quebrar tijolo no meio|tijolo|macetes da constru√ß√£o|como quebrar tijolo ao meio|como quebrar tijolo|fa√ßa voc√™ mesmo|irm√£os √† obra Araraquara|constru√ß√£o civil|pedreiro|tijolo baiano|meiota de tijolo|Como quebrar tijolo baiano ao meio|quebrando o tijolo","84751","9979","66","178","https://i.ytimg.com/vi/0K77PlGZoGQ/default.jpg","False","False","Nesse v√≠deo estou passando uma t√©cnica de como quebrar o tijolo ao meio de um jeito f√°cil e pr√°tico utilizando apenas dois peda√ßos de ferro 3/8 e uma marreta.================//===============REDES SOCIAIS:[Instagram]:https://www.instagram.com/irmaos_a_obra_araraquaraDeixe seu coment√°rio!#constru√ß√£ocivil #tijolo"
"wVCAr0yMy-M","[Í∏∞Ïäµ Í≥µÍ∞ú] Î∏îÎûôÌïëÌÅ¨(BLACKPINK)Ïùò 'How You Like That'‚ô™ + 'Pretty Savage'‚ô™ Î¨¥ÎåÄ ÏïÑÎäî ÌòïÎãò(Knowing bros) 251Ìöå","2020-10-17T12:27:10Z","UCOHM2N1YQdb-cHWxJxwBMLQ","ÏïÑÎäîÌòïÎãò Knowingbros","24","20.18.10","ÏïÑÎäî ÌòïÎãò|ÌòïÎãò|ÌòïÎãò ÌïôÍµê|ÏßÄÏàò|Ï†úÎãà|Î¶¨ÏÇ¨|Î°úÏ†ú|Î∏îÎûôÌïëÌÅ¨|How_You_Like_That|Pretty_Savage|Í∏∞ÏäµÍ≥µÍ∞ú|ÏµúÏ¥àÍ≥µÍ∞ú|ÎåÑÏä§|Î¨¥ÎåÄ|Í∞ïÌò∏Îèô|Ïù¥ÏàòÍ∑º|ÏÑúÏû•Ìõà|ÍπÄÌù¨Ï≤†|ÎØºÍ≤ΩÌõà|Ïù¥ÏÉÅÎØº|ÍπÄÏòÅÏ≤†|BLACKPINK|JISOO|JENNIE|ROS&Eacute;|LISA|ÏòàÎä•|ÏäàÌçºÏ£ºÎãàÏñ¥|Î≤ÑÏ¶à|Knowing bros|Knowing brother|min kyung hoon|kim hee chul|kang ho dong|seo jang hoon|lee soo geun|kim young chul|lee sang min|buzz|superjunior","5312114","389069","5713","5675","https://i.ytimg.com/vi/wVCAr0yMy-M/default.jpg","False","False","[Í∏∞Ïäµ Í≥µÍ∞ú] Î∏îÎûôÌïëÌÅ¨Ïùò 'How You Like That'‚ô™ + 'Pretty Savage'‚ô™ Î¨¥ÎåÄ#ÏïÑÎäîÌòïÎãò #Î∏îÎûôÌïëÌÅ¨ #How_You_Like_That"
"Ekxm-H15fBM","Lucas e Jojo esclarecem desentendimento | A Fazenda 12","2020-10-17T15:03:09Z","UCw4YGFtvDgOL09KrFpqj6kg","A Fazenda","24","20.18.10","acelere|aclr|a fazenda|fazenda talks|marcos mion|rodrigo carelli|multiplataforma|reality show|record tv|pe√µes|ro√ßa|prova do fazendeiro|poder da chama|prova de fogo|Biel|Carol Narizinho|Cartolouco|Fernandinho Beatbox|Jakeyne Oliveira|Jojo Todynho|JP Gad√™lha|Juliano Ceglia|Lidi Lisboa|Lipe Ribeiro|Lucas|Maciel|Luiza Ambiel|Mariano|Mateus Carrieri|MC Mirella|Raissa Barbosa|Rodrigo Moraes|St√©fani Bays|Tays Reis|Vict√≥ria Villarim","541399","22357","203","1266","https://i.ytimg.com/vi/Ekxm-H15fBM/default.jpg","False","False","Ap√≥s uma madrugada de muita confus√£o e desentendimentos na sede de A Fazenda 12, Jojo e Lucas decidiram sentar e esclarecer os acontecimentos.Assine o PlayPlus e tenha acesso √† transmiss√£o 24 horas de A Fazenda 12.Inscreva-se no canal A Fazenda: http://r7.com/8IZb Site oficial: https://afazenda.r7.com/a-fazenda-12Assista √†s √≠ntegras no PlayPlus: https://www.playplus.comTikTok: https://vm.tiktok.com/ZS5cTvgC/Facebook: https://www.facebook.com/AFazendaRecordInstagram: https://www.instagram.com/afazendarecordTwitter: https://twitter.com/afazendarecord#AFazenda12 #MarcosMion #FogoNoFeno"
"gwsaElRJI2M","Kayblack - A Cunhada (prod. Wall Hein e DJ RB)","2020-10-16T15:00:14Z","UCpOdPfjjxpEAzATZJQX4_Hg","Real Kayblack","22","20.18.10","[none]","600787","81127","455","2945","https://i.ytimg.com/vi/gwsaElRJI2M/default.jpg","False","False","Ou√ßa #Cunhada em todas as plataformas: https://open.spotify.com/album/18mcw81gkxsDALOpPDPpGfSIGA NAS REDES SOCIAIS | Instagram @elenkoweek , @realkayblack_________________FICHA T√âCNICAProdu√ß√£o: Elenko MusicM√öSICA: Produ√ß√£o Musical: Wall Hein , DJ RBMix & Master:  Wall HeinVIDEOCLIPEDire√ß√£o (1¬∫): Jay OQ (@jay.oq)C√¢meras:  Jean Furquim @jeanfurquim ,LF OQ @lf.oq_Produtora: OQ Produ√ß√µesProdutor Executivo : Plinta OQ @plinta.oqEdi√ß√£o: Jean Furquim , Jay OQCor e finaliza√ß√£o: Jay OQ"
"C_kfsR8aci0","Miley Cyrus - Live from Whisky a Go Go (#SOSFEST)","2020-10-18T02:36:12Z","UCn7dB9UMTBDjKtEKBy_XISw","Miley Cyrus","10","20.18.10","Miley|Cyrus|MiFans|MileyWorld","139147","20080","157","1398","https://i.ytimg.com/vi/C_kfsR8aci0/default.jpg","False","False","Miley Cyrus performs an exclusive live set for Save Our Stages Fest from Whiskey a Go Go in Los Angeles, CA. Find more #SOSFest streams at https://yt.be/music/sosfest. Save Our Stages Fest is a three-day virtual benefit festival with artists and organizations rallying to the aid of independent music venues at risk of closing their doors permanently. Featuring original performances and commentary from diverse talent across genres and shot live at iconic indie stages, #SOSFest aims to preserve our nation‚Äôs independent live music venues. The festival is raising funds for NIVA‚Äôs Emergency Relief Fund, where any member organization can apply for support - please consider helping by clicking the blue Donate button.  About NIVA: Formed at the onset of the COVID-19 shutdown, National Independent Venue Association (NIVA), now represents more than 2,800 members in all 50 states and Washington, D.C. These independent venues and promoters were the first to close and will be the last to fully reopen. NIVA's mission is to preserve and nurture the ecosystem of independent live venues, promoters and festivals throughout the United States. To learn more about NIVA‚Äôs quest to gain federal funding for independent venues, visit https://www.nivassoc.org/take-action.  To learn more about the NIVA Emergency Relief Fund, visit https://www.nivassoc.org/erf."
"1eQsMMV5PBQ","Tour pela minha casa DIY! Como ela estaÃÅ hoje! 2020","2020-10-17T15:26:32Z","UCdlBxBfi4gDiIDnpJiJCkQA","Maddu Magalh√£es","26","20.18.10","maddu|maddu magalh√£es|diy|fa√ßa voc√™ mesmo|do it yourself|decor|( PS**** Se eu esqueci de algum link|me avisa nos coment√°rios que eu incluo aqui!!! )","56887","9403","36","621","https://i.ytimg.com/vi/1eQsMMV5PBQ/default.jpg","False","False","Nesse v√≠deo eu mostrei o Tour pela minha casa, mostrando tudo o que j√° foi feito de decora√ß√£o por aqui! Toda a decora√ß√£o foi constru√≠da com voc√™s, passinho por passinho no ‚Äúfa√ßa voc√™ mesmo‚Äù e todos os videos de tutoriais dos m√≥veis e decora√ß√µes est√£o aqui embaixo pra voc√™s! ‚Äî‚Äî‚Äî‚ÄîMesa lateral https://www.youtube.com/watch?v=m1cFhSI6gcIMesa de centrohttps://www.youtube.com/watch?v=3fOF1pxIGG4Puffs de Pneuhttps://www.youtube.com/watch?v=9EtRQH7y9aUQuadros da sala: https://www.youtube.com/watch?v=sxN7lVe2jUMPintura meia parede: https://www.youtube.com/watch?v=AI0Ktw1qeHIAlmofadas sala: https://www.youtube.com/watch?v=OvtWUp8PZnMEnfeites mesa lateral sala: https://www.youtube.com/watch?v=ztlcJh7DE0AHome Office Sala: https://www.youtube.com/watch?v=1m3kmc-h-QI&t=83sPainel de madeira da entrada da sala + cortininha embaixo da escada: https://www.youtube.com/watch?v=CXEsLlukNac&t=170sCanto alem√£o cozinha: https://www.youtube.com/watch?v=5qGtcER1Yfs&t=24sLumin√°ria cozinha: https://www.youtube.com/watch?v=VeiTjdla9sg&t=18sQuadro cozinha + decors: https://www.youtube.com/watch?v=qGAxrsTcNNs&t=252sCaixa de P√£es: https://www.youtube.com/watch?v=80poaX3ClWk&t=194sFruteira de macram√™ e nicho de caixote : https://www.youtube.com/watch?v=j7dSM58l2FE&t=7sObjetos decorativos p/ Prateleiras da Escada: https://www.youtube.com/watch?v=56vT8AybfSw&t=167sMinha Penteadeira com caixa de faqueiro: https://www.youtube.com/watch?v=eU_NdhJbtw0&t=876sDIY Decorando o Quarto 01 Cantinho de estudo : Home Office:https://www.youtube.com/watch?v=aPVwi_OAjmc&t=4sDIY Cesto de Sisal + Macram√™! Decorando o Quarto 02:https://www.youtube.com/watch?v=gmTTLkoMdWc&t=132sDIY Decorando o Quarto 03 - Decor Franjas Bohohttps://www.youtube.com/watch?v=Pmj3Ntg_49Y&t=37sDIY Decorando meu Quarto 04 - Boho Vibes! Parede da Cama, cabeceira e Detalheshttps://www.youtube.com/watch?v=gCJIUq7mkKg&t=23sDIY Decorando meu Quarto 05 Mesa de Cabeceira Boho Vibes!https://www.youtube.com/watch?v=34IZsU0KBGg&t=526sDIY Decorando meu Quarto 06 Lumin√°rias Pendentes !https://www.youtube.com/watch?v=Izu829Qi3Yo&t=21sDIY Decorando meu quarto 07 - Constru√≠ um Banco ‚ÄúPeseira Boho com meu Pai! -https://www.youtube.com/watch?v=TXHCqTB_JDY&t=39sDIY Decorando meu Quarto 08 Construi uma Lumin√°ria Boho !https://www.youtube.com/watch?v=k33Bax6AizQ&t=212sDIY - Transformando Quarto Completo Akira ( Gaby Lo ) #MadduReforma - Estilo Industrialhttps://www.youtube.com/watch?v=8mBT0Z6zHGc&t=25s#MadduReforma √Årea Gourmet churrasqueira ( transforma√ß√£o completa! )https://www.youtube.com/watch?v=frN_t4x7GOw&t=920sHORTA VERTICAL COM PALLET: https://youtu.be/4gWocS4oQrk( PS**** Se eu esqueci de algum link, me avisa nos coment√°rios que eu incluo aqui!!! ) - Me encontra nas redes pra acompanhar todas as novidades!!!instagram: https://instagram.com/maddumagalhaesfacebook: https://facebook.com/maddumagalhaestwitter: https://twitter.com/maddumagalhaes"
"5SPnWr6xz_0","TERMINEI MEU RELACIONAMENTO üíî","2020-10-16T13:00:01Z","UC_XGgRFoktKUXZVD1_tp7EA","Gui Nobre","24","20.18.10","gui|nobre|gui nobre|gui nobre gameplay|guilherme|londrina|hunters|guinobre|guinobreyt|ca√ßadores de lendas|youtuber de londrina|r3|gui r3|gui nobre r3 yzf","1353641","132749","2993","5991","https://i.ytimg.com/vi/5SPnWr6xz_0/default.jpg","False","False","Queria agradecer a todos o carinho que voc√™s tem pela gente e queria agradecer tamb√©m a lara por ter feito parte da minha vida e ter me ajudado por tanto tempo.Email : guinobrecomercial@gmail.com"
"1eEcJjkdpsQ","üü¢ CHURRASDOGZ LIVE (BRUNO BE E DUBDOGZ)","2020-10-17T21:04:58Z","UCnEJYGEXs33Zaomfdgc050Q","Dubdogz","10","20.18.10","dubdogz liu|dubdogz live|liu live|churras dogz|churrasdogz|liu|dubdogz|live liu|live dubdogz|jord|live jord|zuffo|live zuffo|watzgood|live watzgood","54416","3198","25","79","https://i.ytimg.com/vi/1eEcJjkdpsQ/default.jpg","False","False","S√°bado 15 HorasGuaruj√° SPFollow DOGPARTY on Spotify!smarturl.it/DogPartySpotify‚úò Follow DUBDOGZ at:Spotify: spoti.fi/2kZPPdmInstagram: bit.ly/2lUsziaFacebook: bit.ly/2mf5adHTwitter: bit.ly/2mccpSp"
"QGNJWBvI-js","L√©o Santana, Lu√≠sa Sonza - S√©culo 21","2020-10-16T00:00:58Z","UCUPCAkRN4yTiFWM8kXWGX_Q","LeoSantanaVEVO","10","20.18.10","L√©o|Santana|Lu√≠sa|Sonza|S√©culo|Universal|Music|Ltda.|Pop","2198820","132199","26969","10626","https://i.ytimg.com/vi/QGNJWBvI-js/default.jpg","False","False","https://umusicbrazil.lnk.to/Seculo21SIGA LEO SANTANA: https://www.facebook.com/leosantana https://www.instagram.com/leosantana https://twitter.com/leosantanaS√©culo 21 ‚Äì Participa√ß√£o Lu√≠sa Sonza(Diggo/Rafinha Rsq/Ed Nobre) / (L√©o Santana e Lu√≠sa Sonza)Essa noite √© certo d√° problema (Fudeu)Vai beber, sentar, chapar, sem pena (Fudeu)Chegou na pista assanhadaEla t√° pra onda T√° toda desregulada Gosta de cara E tamb√©m gosta de mina S√©culo 21 t√° tudo certo N√£o tem briga, n√£o T√° maluquinha T√° maluquinha T√° dando uma sentadinha E gosta da ro√ßadinha T√° maluquinha T√° maluquinha T√° dando uma sentadinha Mas gosta da ro√ßadinha Rala, ro√ßa, joga, sentaRala, ro√ßa chama no suingue que ela vemRala, ro√ßa, joga, sentaRala, ro√ßa, joga, sentaE no toque do beat √© o Rafinha RSQEssa noite √© certo d√° problema (Fudeu)Tu vai beber, sentar, chapar, sem pena (Fudeu)Chegou na pista assanhadaEla t√° pra onda T√° toda desregulada Gosta de caras E tamb√©m gosta de mina S√©culo 21 t√° tudo certo N√£o tem briga, n√£o T√° maluquinha T√° maluquinha T√° dando uma sentadinha E gosta da ro√ßadinha T√° maluquinha T√° maluquinha T√° dando uma sentadinha E gosta da ro√ßadinha Rala, ro√ßa, joga, sentaRala, ro√ßa, chama no suingue que ela vemRala, ro√ßa, joga, sentaRala, ro√ßa, jogaT√° maluquinha T√° maluquinha T√° dando uma sentadinha Mas gosta da ro√ßadinha T√° maluquinha T√° maluquinha T√° dando uma sentadinha Mas gosta da ro√ßadinha Rala, ro√ßa, joga, sentaRala, ro√ßaRala, ro√ßa, joga, sentaRala, ro√ßa, jogaEssa noite √© certo d√° problemaAi meu deus#Seculo21 #LeoSantana #LuisaSonzaTodos os protocolos de seguran√ßa para COVID-19 foram respeitados durante a grava√ß√£o. Ficha t√©cnica:Dire√ß√£o: Jo√£o Monteiro Dire√ß√£o Criativa: Jo√£o Monteiro & Audrey Nobrega 1¬™ Assistente de Dire√ß√£o: Tize SalatiDiretor de Produ√ß√£o: Thiago FreireProdutor: Caio ErosaProdutora: Michelle RodriguesAssistente de Produ√ß√£o: Nahara Faiss√∫Plat√¥: Rodrigo PedreiraAssistente de Plat√¥: Fabio Boc√£oEstagi√°rio de Produ√ß√£o: Matheus MendesDiretor de Fotografia: Fabio Politi1¬∫ Assistente de C√¢mera: Andre Alves2¬∫ Assistente de C√¢mera: Paulo Vin√≠cius Rodrigues da SilvaLogger: Z√© Luiz LermaSteady Cam: Marcel YokodaEletricista: Renato Madsen1¬∫ Assistente de El√©trica: Lucas de Oliveira2¬∫ Assistente de El√©trica: Carlos Gaspar2¬∫ Assistente de El√©trica: Jilm√°rioMaquinista: Rog√©rio Costa (Rogerinho)1¬∫ Assistente de Maquin√°ria: Rui Mauriti Nunes Ara√∫joGeradorista: Rog√©rioDiretora de Arte: Annik MaasAssistente de Arte: Alice BarcelosContra Regra: Leonardo PradoContra Regra: Jorge SpadaroAssistente de Contra Regra: Gustavo PradoAssistente de Contra Regra: Bruno Pit√∫Beauty (Elenco): Belle Acioli Assistente Beauty: MozabeliFigurinista (Elenco): Yasmim MonteiroCamareira: Marta Confec√ß√£oFigurino L√©o Santana: Willian CostaAssistente de Figurino: Felipe LemesBeauty Luisa Sonza: Pedro Moreira Assistente de Make: Dan CannavanFigurino Luisa Sonza: Victor MirandaAssistente de Figurino: Jorge MouraCore√≥grafa: LeneBal√©:Bruno BarbosaJhonathan JeffKaty SerranoRaquel CabanecoLooks jeans Leo e Luisa: Lady RockAssessoria de imprensa L√©o Santana: Daniela Bas√≠lio Designer: Carolina Magalh√£es Social Media L√©o Santana: Wynne Carvalho Edi√ß√£o: Gabriel C√©sarColorista: Psycho n‚Äô LookMotorista Produ√ß√£o: Binho D‚ÄôavillaMotorista El√©trica: Marcinho NascimentoMotorista C√¢mera: Celso SuntoMotorista Arte: Frota CineCarro Produ√ß√£o: Wagner AlvesProdu√ß√£o de Set / Mala Produ√ß√£o: Biscuvita Produ√ß√µes EPIS / Higieniza√ß√£o / Controle COVID: Biscuvita Produ√ß√µesTestes COVID: Mendelics Equipamento C√¢mera: MR5Est√∫dio: Hangar Est√∫diosEquipamento de Luz: Cine e V√≠deo Catering: Flor de L√≥tus Seguro: Prospecto Seguros Estrutura de Produ√ß√£o: √Åguia Loca√ß√µes Geradores: Zerlei Geradores Music video by L√©o Santana, Lu√≠sa Sonza performing S√©culo 21. ¬© 2020 Salvador Produ√ß√µes / Universal Music Ltdahttp://vevo.ly/oHVxUw"
"qFQsCCpBYAQ","Bienvenido, Mat√≠as Zaracho! üá¶üá∑üè≥Ô∏èüè¥","2020-10-17T19:56:54Z","UC0BhAOfmm1tJaJkPyTM9D_g","TV Galo","17","20.18.10","TV Galo|Atl√©tico|Galo|Clube Atl√©tico Mineiro|Atl√©tico-MG|Atl√©tico Mineiro|Gal√£o da Massa|Futebol","71103","8256","51","665","https://i.ytimg.com/vi/qFQsCCpBYAQ/default.jpg","False","False","Inscreva-se no canal oficial da TV GALO e fique por dentro de tudo que acontece no Atl√©tico. http://www.youtube.com/tvgalowebVisite o site oficial do Galo: http://www.atletico.com.brAcompanhe o Galo nas redes sociais:Facebook: https://www.facebook.com/atletico Twitter: https://twitter.com/atletico  Instagram: http://instagram.com/atleticoTikTok: https://www.tiktok.com/@atleticoFlickr: https://www.flickr.com/photos/clubeatleticomineiro/Com transmiss√£o pela Internet, a TV Galo √© pioneira em Minas Gerais. Ela est√° presente nos principais eventos do clube e na cobertura de jogos e treinos do Atl√©tico. Seu objetivo √© estreitar o relacionamento com o torcedor, proporcionando um canal oficial de informa√ß√µes do dia a dia alvinegro."
"mr9QVkdIAwA","FELIPE ADIVINHANDO OS PRE√áOS DAS MINHAS MAQUIAGENS!!!","2020-10-16T14:00:09Z","UCu3PnW9yUmniJj5-QZ44jOQ","Bruna Gomes","22","20.18.10","Bruna Gomes|Felipe neto|Minha namorada|Namorado adivinhando o pre√ßo|Adivinhado o pre√ßo|namorado","651920","88173","1165","2292","https://i.ytimg.com/vi/mr9QVkdIAwA/default.jpg","False","False","MEU SITE: https://www.brunagomes.com.br/INSTAGRAM:https://www.instagram.com/eibrunagomes/CANAL FELIPE NETO:https://www.youtube.com/user/felipenetoCAMISETAS FELIPE NETO:https://www.lolja.com.br/parceiros/felipe-neto/REALIZA√á√ÉO: PLAY9"
"jPP220BcI9g","TO SOZINHA","2020-10-16T13:00:16Z","UCHutMB8u5KZzuHzeSJCob1g","Na CorreRia","23","20.18.10","video de humor|comedia no youtube|livre todas idades|melhor da internet|esquetes de humor|piada em video|vizinha bonita|pet|cachorrinho de estima√ß√£o|sair a noite|cabelo grande|mulher bonita|cara de sorte|corpo de academia","626929","33380","1198","632","https://i.ytimg.com/vi/jPP220BcI9g/default.jpg","False","False","Imagina sua vizinha bate na porta, falando que esta sozinha n√£o tem nada pra fazer e ta pensando em sair, e o melhor pergunta se voc√™ est√° ocupado... N√£o tem como isso da errado, ou ser√° que tem?ElencoJhonatan FerrazBianca AndradeV√≠deo novo toda ter√ßa e sexta sempre as 10h, se inscreva e n√£o perca, valeu!"
"2gpXdh4yfGs","Helena Nasceuuu parto normal ‚ù§","2020-10-17T12:28:00Z","UC4JEf2ejgucNsmsFiEy0mSw","Dicas Lara Ferreira","22","20.18.10","[none]","94542","14079","70","1685","https://i.ytimg.com/vi/2gpXdh4yfGs/default.jpg","False","False","ME SEGUE NAS REDES SOCIAIS VOU AMAR TER VOC√äS¬† MAIS PERTINHO üòçINSTAGRAM: www.instagram.com/dicaslaraferreira PINTEREST: Dicas Lara Ferreira FACEBOOK: https://www.facebook.com/blogdicaslaraferreira/-----------------------------------------------------------M√öSICAS DO V√çDEO Site Pago https://www.epidemicsound.comMATERIAL DE GRAVA√á√ÉO Uso o Celular Sansung S9Plus para gravar (J√° usei c√¢mera mas n√£o se tornava pr√°tico pra mim)-------------------------------------------------CONTATO PARA PARCERIASE-mail : dicaslaraferreira@gmail.com.QUEM SOU EU, COMO TUDO COME√áOU?O Canal foi algo que me despertou a uns 5 anos atr√°s quando resolvi deixar registrado uma dica, depois foi surgindo mais ideias e dicas caseiras, tamb√©m amava registrar momentos para deixar salvo, at√© ent√£o era algo sem compromisso, n√£o tinha a no√ß√£o que poderia virar um meio de trabalho. Me identifiquei cada vez mais, a cada v√≠deo despertava mais ideias, e chegamos a algo que jamais esperava aos 100mil inscritos. Hoje tornou-se meu trabalho e meio de vida. Amo partilhar tudo que vivemos e cria√ß√µes por aqui, agora m√£e, os vlogs est√£o sendo o meu conte√∫do preferido."
"7stXLrlABSU","FREE FIRE AO VIVO - NFA LEGENDS SEASON 1 -  GRUPO B x D - DIA 4","2020-10-17T02:21:18Z","UCIVnGR9XPef8boJWJHfQAiA","NFA CHANNEL","20","20.18.10","liga nfa|nfa|liga|free fire|garena|lbff|copa ff|liga brasileira|pro player|campeonato|torneio|ss|bdl|b4|los grandes|lgd|loud|loudgg|laude|pain|faz o p|god|god esports|deuses|kof|anarchysons|intz|fsk|forsaken|samuca|ale|el|gato|piu|piuzinho|thurzin|maellen|booyah|voltan|codiguin|cerol|bak|coreano|jordan|racha|price|elton|eltin|huntergod|wins|hudson|nobru|tv|ygorx|dantes|since|sharin|will|bradook|kronos|ggeasy|babi|coringa|victor|levelup|buxexa|crusherfooxi|esports|blak|blakn444","731216","90971","654","171","https://i.ytimg.com/vi/7stXLrlABSU/default.jpg","False","False","Os maiores nomes do Free Fire montaram seus times para competir pelo maior campeonato da comunidade do Brasil! Para quem voc√™s est√£o torcendo?Lives todas as segundas, quartas e sextas √†s 20h! J√° se inscreve no canal e liga as notifica√ß√µes, porque a Liga NFA est√° pegando fogo!Sigam a NFA nas redes sociais!BOOYAH!: NFAInstagram: @liga.nfaTwitter: @liganfaYouTube: NFA CHANNELSigam o instagram de nossos casters!Samuca: @jogasamucaAle Maze: @ale.mazeNanda: @nandabellissimoCabelo: @cabelogamer"
"AbIoO3jbTCw","LIVE DICAS RODADA 17 | CARTOLA FC 2020 - V√ÅRIOS ATACANTES PARA MITAR. QUAL ESCOLHER?","2020-10-17T15:33:35Z","UCJVbvkrBLp7L2pnaqc5CmQQ","Cartoleiros Gazeta do Povo","17","20.18.10","cartola|cartola fc|cartola 2020|dicas cartola 2020|cartola fc 2020|cartoleiros gazeta do povo|gazeta do povo cartola|cartoleiros gp|professor cartola|dicas cartola 10¬™ rodada|dicas cartola rodada 10|futeloucos","124402","13997","111","90","https://i.ytimg.com/vi/AbIoO3jbTCw/default.jpg","False","False","Vou tirar d√∫vidas e montar os nossos times para a 17¬™ rodada do Cartola FC 2020. O mercado vai fechar neste s√°bado, √†s 18h! #cartola #cartolafc #cartolafc2020  - Inscri√ß√£o para liga tiro curto Futeloucos com premia√ß√£o: http://futeloucos.com/site/index.php/user/registrar/?code=8608955- Receba as dicas da rodada no seu e-mail: https://bit.ly/3imY7KnVOC√ä PODE SE TORNAR UM CARTOLEIRO PREMIUM E GARANTIR NOSSAS DICAS EXTRAS E EXCLUSIVAS PARA TODA A TEMPORADA 2020!Sendo assinante, voc√™ ter√° acesso a:üé© Grupos exclusivo para receber as dicas extras do Professorüé© Acesso aos times pessoais do Professor e do Cas√£o em todas as rodadasüé© Conte√∫do voltado para liga tiro curto e de rodada √∫nicaüé© Live exclusiva no YouTubeüé© Central de Atendimento para tirar d√∫vidas individuaisüé© E muito mais!Ficou interessado? √â s√≥ clicar aqui: http://bit.ly/2rpTyty*Siga o Cartoleiros tamb√©m no Instagram: https://www.instagram.com/cartoleirosgp/Grupo gratuito no Telegram: https://t.me/cartoleirosgazetaTwitter: https://twitter.com/Cartoleiros_GPBlog: https://www.gazetadopovo.com.br/blogs/cartoleiros/E-mail profissional: cartoleirosgp@gmail.com"
"N8Pwz-utvkg","CARTOLA FC 2020 ‚óè RODADA 17 ‚óè AGORA PRESTA ATEN√á√ÉO NESSA LIVE","2020-10-17T15:41:08Z","UCRyvi4JdP67BJTw4wKffItA","Gle82","20","20.18.10","CARTOLA FC 2020|CARTOLA 2020|CARTOLA FC|CARTOLA|FC|DICAS|LIVE|RODADA 17|CARTOLA FC RODADA 17|RODADA 17 CARTOLA|DICAS RODADA 17 CARTOLA|17 RODADA|17 RODADA CARTOLA|LIVE RODADA 17 CARTOLA|GLE82|CANAL GLE82","42381","3650","38","12","https://i.ytimg.com/vi/N8Pwz-utvkg/default.jpg","False","False","CARTOLA FC 2020 ‚óè RODADA 17 ‚óè AGORA PRESTA ATEN√á√ÉO NESSA LIVEO time esta escalado e revisado para a rodada 17 do Cartola FC 2020.Tem bastante dicas de atacantes e meias, al√©m de dicas para voc√™ valorizar o seu time (ganhar cartoletas) e mitar na rodada 17 do Cartola FC, fazer muitos pontos.‚Üí LIGA DO CATIMBA SCORES: https://ligasclub.com/ligas‚Üí LIGA DO CATIMBA SCORES: https://bit.ly/catimba_canalgle82‚Üí LIGA DO CATIMBA STATS: https://catimbastats.com.br/ - Use o cupom GLE82 e ganhe 10% de desconto.‚óè CLICA ABAIXO PRA SE INSCREVER ‚Üí INSTAGRAM: https://www.instagram.com/canalgle82/‚Üí TWITTER: https://twitter.com/gle82oliveira‚Üí FACEBOOK: https://web.facebook.com/canalgle82/Este √© o canal Gle82, onde voc√™ encontra dicas e escala√ß√µes doCartola FC, noticias atualizadas do mercado da bola e muito mais.#cartolafc #cartola #rodada17"
"B3DMnPUKidA","LIVE / AMONG US com Bruna e Netolab!","2020-10-17T00:32:20Z","UCV306eHqgo0LvBf3Mh36AHg","Felipe Neto","24","20.18.10","felipe neto|irm√£os neto","3294131","316354","3403","7497","https://i.ytimg.com/vi/B3DMnPUKidA/default.jpg","False","False","SEJA MEMBRO! - https://www.youtube.com/felipeneto/joinLOJA DO CANAL - https://www.lolja.com.br/felipe-neto"
"XNhyWIfnr7A","FIZEMOS TESTES CASEIROS PARA DESCOBRIR O SEXO DO NOSSO BEBE!!","2020-10-16T22:00:17Z","UCsaB2VrLZrtGbum6Eo0ClbA","Virg√≠nia Fonseca","22","20.18.10","vih|virginia|fonseca|virginia fonseca|rezende|rezendeevil|virginia e rezende|ze felipe|ze felipe cantor|virginia e ze|ze e virginia|virlipe|namorados|casal|vlog|vlog virginia|video todos os dias|FIZEMOS TESTES CASEIROS PARA DESCOBRIR O SEXO DO NOSSO BEBE!!|teste gravidez|testes|testes para descobrir sexo do bebe|sexo do bebe|descobrindo sexo do beb√™|beb√™ virginia|pais de primeira viagem|descobrindo|menina ou menino","1400466","213604","2147","6886","https://i.ytimg.com/vi/XNhyWIfnr7A/default.jpg","False","False","Oiii amigos, agora os videos ser√£o postados TODOS OS DIAS!! Entao fiquem ligadinhos no canal, se inscreve se nao for inscrito e nao esquece de deixar o LIKE p eu saber se vcs estao gostando ou nao!! beijuu amo vcsINSTAGRAM: @virginiaTWITTER: @virginiapfs"
